,Name,indicator
0,P4-lmd-002.txt,0.5648030918904511
1,Pz-sdx-001.txt,0.5692343572999267
2,T3-jhy-001.txt,0.40614379956020524
3,T3-lxr-001.txt,0.4629506230425801
4,T3-wjh-001.txt,0.5510428466715532
5,T3-yqq-001.txt,0.5310188578663291
6,T4-lxy-001.txt,0.6756846804824416
7,T4-saj-001.txt,0.4313986806157127
8,T4-wfy-001.txt,0.5392816685546745
9,T4-wzr-001.txt,0.7616112480842273
10,T4-zhy-001.txt,0.6212666666666666
11,T4-zjc-001.txt,0.627440527753715
12,T4-zzb-001.txt,0.5191244086093156
